zid,zid_attr,id,id_attr,building_name,name,name_read,name_read_through,name_initial_code,phone_number,post_code,address_code,address_code1,address_code2,address_code3,address_code4,address_code5,address_detail_code1,address_detail_code2,address,building_type,endearing_name_type,language_code,entrance_point/0/0,entrance_point/0/1,arrival_point/0/0,arrival_point/0/1,genre_code,main_genre_name,all_genre_name,position/0,position/1,distance,entrance_point,arrival_point,entrance_point/1/0,entrance_point/1/1,arrival_point/1/0,arrival_point/1/1,arrival_point/2/0,arrival_point/2/1,entrance_point/2/0,entrance_point/2/1,arrival_point/3/0,arrival_point/3/1
309098570781342979,1749746353375807561,0000309098570781342979,0001749746353375807561,,上林公園,,,99,,,431010170000000200009,JPN,43,101,017,000,00002,00009,熊本県熊本市中央区上林町2-38,7,7,ja,130.7099972873,32.807933214,130.710198839,32.8078843859,00120:0012000140; ,0012000140:公園,レジャー;公園;,130.7099986437,32.8079361979,,,,,,,,,,,,,
309495494478999811,1751686991398837400,0000309495494478999811,0001751686991398837400,,香川第二有料駐車場,,カガワダイニユウリョウチュウシャジョウ,99,,,431010950000000900003,JPN,43,101,095,000,00009,00003,熊本県熊本市中央区南坪井町9-5,7,7,ja,130.7135403103,32.8084814453,130.7134708659,32.8084787326,00110:0011000110; ,0011000110:駐車場,車・交通;駐車場;,130.7137011719,32.8084662543,,,,,,,,,,,,,
306408065828160089,1748440133562643062,0000306408065828160089,0001748440133562643062,,上通コインパーク2F,,カミトオリコインパークニエフ,99,092-441-7903,,4310101600000005,JPN,43,101,016,000,00005,,熊本県熊本市中央区上通町5,1,1,ja,130.7122639974,32.8035983615,130.7122458225,32.803581543,00110:0011000110; ,0011000110:駐車場,車・交通;駐車場;,130.7123825412,32.8037027995,,,,,,,,,,,,,
1750100917958483399,1750100396119956936,0001750100917958483399,0001750100396119956936,,ザ・パーク草葉町駐車場,,ザパーククサバチョウチュウシャジョウ,99,,,431010240000000300001,JPN,43,101,024,000,00003,00001,熊本県熊本市中央区草葉町3-1,7,7,ja,130.7128390842,32.8060191515,130.7128355577,32.8060053168,00110:0011000110; ,0011000110:駐車場,車・交通;駐車場;,130.7128564453,32.806110026,,,,,,,,,,,,,
1751045398446956522,1751044876608430108,0001751045398446956522,0001751044876608430108,,ザ・パーク南坪井町駐車場,,ザパークミナミツボイマチチュウシャジョウ,99,,,431010950000000100001,JPN,43,101,095,000,00001,00001,熊本県熊本市中央区南坪井町1-1,7,7,ja,130.7122854275,32.8068237305,130.712280816,32.806805013,00110:0011000110; ,0011000110:駐車場,車・交通;駐車場;,130.7123177083,32.8070046658,,,,,,,,,,,,,
1752292244632823010,1752291722794296649,0001752292244632823010,0001752291722794296649,,スパーク熊本上通駐車場,,スパーククマモトカミトオリチュウシャジョウ,99,,,431010160000001100011,JPN,43,101,016,000,00011,00011,熊本県熊本市中央区上通町11-4,7,7,ja,130.71220676,32.8065861003,130.7122620985,32.8068096246,00110:0011000110; ,0011000110:駐車場,車・交通;駐車場;,130.7121628147,32.8065912543,,,,,,,,,,,,,
1752292244632823011,1752291722794296650,0001752292244632823011,0001752291722794296650,,みつばちパーキング,,ミツバチパーキング,99,,,431010590000000400009,JPN,43,101,059,000,00004,00009,熊本県熊本市中央区水道町4-27,7,7,ja,130.7133531359,32.8046815321,130.7133981662,32.8048776584,00110:0011000110; ,0011000110:駐車場,車・交通;駐車場;,130.7133599175,32.8046858724,,,,,,,,,,,,,
306320104898356506,306319583059834607,0000306320104898356506,0000306319583059834607,,南坪井町パーキング,,ミナミツボイマチパーキング,99,,,431010950000000700006,JPN,43,101,095,000,00007,00006,熊本県熊本市中央区南坪井町7-16,7,7,ja,130.7128111437,32.8080493164,130.7128597005,32.8084133572,00110:0011000110; ,0011000110:駐車場,車・交通;駐車場;,130.7128333876,32.8082250977,,,,,,,,,,,,,
306408065828160086,1749946464492483338,0000306408065828160086,0001749946464492483338,,三井のリパーク熊本水道町第2駐車場,,ミツイノリパーククマモトスイドウチョウダイニチュウシャジョウ,99,,,431010590000000400007,JPN,43,101,059,000,00004,00007,熊本県熊本市中央区水道町4-24,7,7,ja,130.7135438368,32.8045741102,130.7138189019,32.804460178,00110:0011000110; ,0011000110:駐車場,車・交通;駐車場;,130.7136702474,32.8045290799,,,,,,,,,,,,,
306408065828160087,306407543989637589,0000306408065828160087,0000306407543989637589,,フラットパーク水道町駐車場,,フラットパークスイドウチョウチュウシャジョウ,99,,,431010590000000800002,JPN,43,101,059,000,00008,00002,熊本県熊本市中央区水道町8-15,7,7,ja,130.7140760634,32.8030978733,130.7142323134,32.8031740994,00110:0011000110; ,0011000110:駐車場,車・交通;駐車場;,130.7141457791,32.8031163194,,,,,,,,,,,,,
1747899695679785919,1747899173841259456,0001747899695679785919,0001747899173841259456,,パスート24草葉第一駐車場,,パスートニジュウヨンクサバダイイチチュウシャジョウ,99,,,431010240000000300004,JPN,43,101,024,000,00003,00004,熊本県熊本市中央区草葉町3-19,7,7,ja,130.7130230035,32.8059722222,130.713019477,32.8059589301,00110:0011000110; ,0011000110:駐車場,車・交通;駐車場;,130.7130455187,32.805996365,,,,,,,,,,,,,
1751687513237363852,1751686991398837390,0001751687513237363852,0001751686991398837390,,バス・マイクロバス専用駐車場,,バスマイクロバスセンヨウチュウシャジョウ,99,,,431010590000001200001,JPN,43,101,059,000,00012,00001,熊本県熊本市中央区水道町12-1,7,7,ja,130.7142616102,32.8037174479,130.7142537435,32.8036930339,00110:0011000110; ,0011000110:駐車場,車・交通;駐車場;,130.7142724609,32.8038113064,,,,,,,,,,,,,
1747899695679785890,1747899173841259441,0001747899695679785890,0001747899173841259441,,パスート24大甲橋第2コイン駐車場,,パスートニジュウヨンタイコウバシダイニコインチュウシャジョウ,99,,,431010590000000600003,JPN,43,101,059,000,00006,00003,熊本県熊本市中央区水道町6-2,7,7,ja,130.7136344401,32.8018250868,130.7136143663,32.8018329536,00110:0011000110; ,0011000110:駐車場,車・交通;駐車場;,130.7136545139,32.8018177626,,,,,,,,,,,,,
309098570781338635,1749746353375807551,0000309098570781338635,0001749746353375807551,,白川右岸緑地,,,99,,,431010590000001500001,JPN,43,101,059,000,00015,00001,熊本県熊本市中央区水道町15-20,7,7,ja,130.7163226997,32.8042955187,130.7162250434,32.804949273,00120:0012000140; ,0012000140:公園,レジャー;公園;,130.7164162869,32.8044243707,,,,,,,,,,,,,
306315706852006912,1749696875352570478,0000306315706852006912,0001749696875352570478,,パスート24大甲橋第2コイン駐車場,,パスートニジュウヨンタイコウバシダイニコインチュウシャジョウ,99,,,431010590000000600003,JPN,43,101,059,000,00006,00003,熊本県熊本市中央区水道町6-2,7,7,ja,130.7136344401,32.8018250868,130.7136143663,32.8018329536,00110:0011000110; ,0011000110:駐車場,車・交通;駐車場;,130.7136545139,32.8018177626,,,,,,,,,,,,,
1750225162772483363,1750224640933956900,0001750225162772483363,0001750224640933956900,,パスート24水道町第2コイン駐車場,,パスートニジュウヨンスイドウチョウダイニコインチュウシャジョウ,99,,,431010590000001300004,JPN,43,101,059,000,00013,00004,熊本県熊本市中央区水道町13-20,7,7,ja,130.7140755208,32.8042865668,130.7140717231,32.804273546,00110:0011000110; ,0011000110:駐車場,車・交通;駐車場;,130.7141156684,32.8043484158,,,,,,,,,,,,,
1750225162772483335,1750224640933956872,0001750225162772483335,0001750224640933956872,,コーストパーキング並木坂,,コーストパーキングナミキサカ,99,,,431010170000000300022,JPN,43,101,017,000,00003,00022,熊本県熊本市中央区上林町3-49,7,7,ja,130.7110335286,32.8076559787,130.711026747,32.8075857205,00110:0011000110; ,0011000110:駐車場,車・交通;駐車場;,130.7110324436,32.8076581489,,,,,,,,,,,,,
1752009670144325433,1752009148305799004,0001752009670144325433,0001752009148305799004,,パークイン九州駐車場,,パークインキュウシュウチュウシャジョウ,99,,,431010590000000500001,JPN,43,101,059,000,00005,00001,熊本県熊本市中央区水道町5-15,7,7,ja,130.7133574761,32.8014097765,130.7133479818,32.8013750543,00110:0011000110; ,0011000110:駐車場,車・交通;駐車場;,130.713375651,32.8014754232,,,,,,,,,,,,,
306320104898356495,306319583059834596,0000306320104898356495,0000306319583059834596,,南坪井パーキング,,ミナミツボイパーキング,99,,,431010950000001000007,JPN,43,101,095,000,00010,00007,熊本県熊本市中央区南坪井町10-28,7,7,ja,130.7144962565,32.8075412326,130.7146796332,32.8074758572,00110:0011000110; ,0011000110:駐車場,車・交通;駐車場;,130.7145540365,32.807515191,,,,,,,,,,,,,
309353651841845432,310150281570632236,0000309353651841845432,0000310150281570632236,コスギ不動産水道町ビル,一ツ葉高等学校,,,99,,,431010590000000500004,JPN,43,101,059,000,00005,00004,熊本県熊本市中央区水道町5-21,1,7,ja,,,,,00250:0025000140; ,0025000140:高校,学校;高校;,130.7133444553,32.8018931749,,,,,,,,,,,,,
309353651841852680,309096949431283706,0000309353651841852680,0000309096949431283706,びぷれす熊日会館ホテル日航熊本,ホテル日航熊本,,ホテルニッコウクマモト,99,096-211-1111,,431010160000000200001,JPN,43,101,016,000,00002,00001,熊本県熊本市中央区上通町2-1,1,1,ja,130.7114664714,32.8032527669,130.7113066949,32.8028116862,00130:0013000110; ,0013000110:ホテル,宿泊;ホテル;,130.7112049696,32.8033338759,,,,,,,,,,,,,
309353651841852680,309096949431283724,0000309353651841852680,0000309096949431283724,びぷれす熊日会館ホテル日航熊本,熊本市現代美術館,,クマモトシゲンダイビジュツカン,99,096-278-7500,,431010160000000200001,JPN,43,101,016,000,00002,00001,熊本県熊本市中央区上通町2-1,1,1,ja,130.711262207,32.8029733615,130.7113066949,32.8028116862,00220:0022000130; ,0022000130:美術館,文化施設;美術館;,130.7112049696,32.8033338759,,,,,,,,,,,,,
309353651841852680,309096949431283725,0000309353651841852680,0000309096949431283725,びぷれす熊日会館ホテル日航熊本,熊本市現代美術館,,,99,,,431010160000000200001,JPN,43,101,016,000,00002,00001,熊本県熊本市中央区上通町2-1,1,7,ja,,,,,00220:0022000130; ,0022000130:美術館,文化施設;美術館;,130.7112049696,32.8033338759,,,,,,,,,,,,,
309353651841852680,309096949431283726,0000309353651841852680,0000309096949431283726,びぷれす熊日会館ホテル日航熊本,熊本市現代美術館,,,99,,,431010160000000200001,JPN,43,101,016,000,00002,00001,熊本県熊本市中央区上通町2-1,1,7,ja,,,,,00220:0022000130; ,0022000130:美術館,文化施設;美術館;,130.7112049696,32.8033338759,,,,,,,,,,,,,
309353651841852680,309096949431283729,0000309353651841852680,0000309096949431283729,びぷれす熊日会館ホテル日航熊本,ホテル日航熊本,,,99,,,431010160000000200001,JPN,43,101,016,000,00002,00001,熊本県熊本市中央区上通町2-1,1,7,ja,,,,,00130:0013000110; ,0013000110:ホテル,宿泊;ホテル;,130.7112049696,32.8033338759,,,,,,,,,,,,,
309353651841852680,309096949431283739,0000309353651841852680,0000309096949431283739,びぷれす熊日会館ホテル日航熊本,スターバックスコーヒー熊本New-S店,,スターバックスコーヒークマモトニューズテン,99,096-327-5077,,431010160000000200001,JPN,43,101,016,000,00002,00001,熊本県熊本市中央区上通町2-1,1,1,ja,130.711262207,32.8029733615,130.7113066949,32.8028116862,00240:0024000140; 00240:0024000140; ,0024000140:その他グルメ,グルメ;その他グルメ;,130.7112049696,32.8033338759,,,,,,,,,,,,,
309353651841852680,309096949431283741,0000309353651841852680,0000309096949431283741,びぷれす熊日会館ホテル日航熊本,ABC MARTプレミアステージ鶴屋New-S店,,エービーシーマートプレミアステージツルヤニューズテン,99,096-311-1820,,431010160000000200001,JPN,43,101,016,000,00002,00001,熊本県熊本市中央区上通町2-1,1,1,ja,130.711262207,32.8029733615,130.7113066949,32.8028116862,00140:0014000270; ,0014000270:その他,買い物;その他;,130.7112049696,32.8033338759,,,,,,,,,,,,,
309353651841852680,309096949431283743,0000309353651841852680,0000309096949431283743,びぷれす熊日会館ホテル日航熊本,鶴屋百貨店New-S,,ツルヤヒャッカテンニューズ,99,096-278-7101,,431010160000000200001,JPN,43,101,016,000,00002,00001,熊本県熊本市中央区上通町2-1,1,1,ja,130.7108561198,32.8030862088,130.7107392036,32.8029706489,00140:0014000110; ,0014000110:デパート,買い物;デパート;,130.7112049696,32.8033338759,,,,,,,,,,,,,
309353651841852680,309096949431283744,0000309353651841852680,0000309096949431283744,びぷれす熊日会館ホテル日航熊本,ホテル日航熊本,,,99,,,431010160000000200001,JPN,43,101,016,000,00002,00001,熊本県熊本市中央区上通町2-1,1,7,ja,,,,,00130:0013000110; ,0013000110:ホテル,宿泊;ホテル;,130.7112049696,32.8033338759,,,,,,,,,,,,,
309353651841852680,309096949431283748,0000309353651841852680,0000309096949431283748,びぷれす熊日会館ホテル日航熊本,SHIPS熊本店,,シップスクマモトテン,99,096-325-1655,,431010160000000200001,JPN,43,101,016,000,00002,00001,熊本県熊本市中央区上通町2-1,1,1,ja,130.71128852,32.8029660373,130.7113066949,32.8028116862,00140:0014000160; ,0014000160:複合モール,買い物;複合モール;,130.7112049696,32.8033338759,,,,,,,,,,,,,
309353651841852680,1748968998655183437,0000309353651841852680,0001748968998655183437,びぷれす熊日会館ホテル日航熊本,アルペンアウトドアーズ熊本New-S店,,アルペンアウトドアーズクマモトニューズテン,99,096-325-5530,860-0845,431010160000000200001,JPN,43,101,016,000,00002,00001,熊本県熊本市中央区上通町2-1,1,1,ja,130.710999349,32.8030463325,130.710948622,32.8029117839,00140:0014000200; ,0014000200:スポーツ用品,買い物;スポーツ用品;,130.7112049696,32.8033338759,,,,,,,,,,,,,
309353651841852680,1749778239213034836,0000309353651841852680,0001749778239213034836,びぷれす熊日会館ホテル日航熊本,ビプレス熊日会館有料駐車場,,ビプレスクマニチカイカンユウリョウチュウシャジョウ,99,096-327-5130,,431010160000000200001,JPN,43,101,016,000,00002,00001,熊本県熊本市中央区上通町2-1,1,1,ja,130.711245931,32.8029777018,130.7113066949,32.8028116862,00110:0011000110; ,0011000110:駐車場,車・交通;駐車場;,130.7112049696,32.8033338759,,,,130.7116788737,32.8036206055,130.7118169488,32.803695204,,,,,,
309353651841852682,309096949431283784,0000309353651841852682,0000309096949431283784,同仁堂ビル,同仁堂ホール,,ドウジンドウホール,99,096-325-8131,,431010160000000200007,JPN,43,101,016,000,00002,00007,熊本県熊本市中央区上通町2-7,1,1,ja,130.7107953559,32.8036257595,130.7104543728,32.8030501302,00220:0022000160; ,0022000160:ホール・会館,文化施設;ホール・会館;,130.7108341471,32.8036859809,,,,,,,,,,,,,
309353651841852686,1750008037143488666,0000309353651841852686,0001750008037143488666,たちかわビル,Can★Do熊本上通商店街店,,キャンドゥクマモトカミトオリショウテンガイテン,99,096-328-5700,860-0845,431010160000000500008,JPN,43,101,016,000,00005,00008,熊本県熊本市中央区上通町5-3,1,1,ja,130.7109627279,32.8040774197,130.7103477648,32.80308648,00140:0014000120; ,0014000120:生活雑貨,買い物;生活雑貨;,130.7109871419,32.8041316732,,,,130.7109855143,32.8041821289,130.7109103733,32.8045694987,,,,,,
309353651841852689,309096949431283840,0000309353651841852689,0000309096949431283840,長崎書店ビル,ロッテリア熊本上通りFS店,,ロッテリアクマモトカミドオリフードスクエアテン,99,096-326-5282,,431010160000000600007,JPN,43,101,016,000,00006,00007,熊本県熊本市中央区上通町6-23,1,1,ja,130.7108873155,32.8046044922,130.7109103733,32.8045694987,00240:0024000110; ,0024000110:ファーストフード,グルメ;ファーストフード;,130.7107147895,32.804749349,,,,,,,,,,,,,
309353651841852689,309096949431283841,0000309353651841852689,0000309096949431283841,長崎書店ビル,(株)長崎書店,,ナガサキショテン,99,096-353-0555,,431010160000000600007,JPN,43,101,016,000,00006,00007,熊本県熊本市中央区上通町6-23,1,1,ja,130.7108873155,32.8046044922,130.7109103733,32.8045694987,00140:0014000240; ,0014000240:本屋,買い物;本屋;,130.7107147895,32.804749349,,,,130.7104934353,32.8048342556,130.7104253472,32.8048583984,,,,,,
309353651841852690,309096949431283849,0000309353651841852690,0000309096949431283849,上通中央ビル,ドラッグイレブン上通り店,,ドラッグイレブンカミトオリテン,99,096-212-6200,,431010160000000600006,JPN,43,101,016,000,00006,00006,熊本県熊本市中央区上通町6-22,1,1,ja,130.7108254666,32.8048228624,130.7109103733,32.8045694987,00140:0014000230; ,0014000230:ドラッグストア,買い物;ドラッグストア;,130.7107703993,32.8048773872,,,,,,,,,,,,,
309353651841852694,309096949431283862,0000309353651841852694,0000309096949431283862,村越ビル,CoCo壱番屋熊本上通店,,ココイチバンヤクマモトカミトオリテン,99,096-351-0800,,431010160000000600005,JPN,43,101,016,000,00006,00005,熊本県熊本市中央区上通町6-19,1,1,ja,130.7109977214,32.8050672743,130.7109103733,32.8045694987,00240:0024000110; 00240:0024000120; 00240:0024000120; ,0024000110:ファーストフード;0024000120:ファミレス,グルメ;ファーストフード;ファミレス;,130.7110001628,32.8050897895,,,,130.7110161675,32.8051090495,130.7113693576,32.8054093424,,,,,,
309353651841852697,1751158126305873258,0000309353651841852697,0001751158126305873258,オークス第2ビル,ココカラファイン上通店,,ココカラファインカミトオリテン,99,096-206-4898,,431010160000000600002,JPN,43,101,016,000,00006,00002,熊本県熊本市中央区上通町6-15,1,1,ja,130.7110527886,32.805323622,130.7113693576,32.8054093424,00140:0014000230; ,0014000230:ドラッグストア,買い物;ドラッグストア;,130.710981174,32.8052785916,,,,,,,,,,,,,
309353651841852781,310150281570636049,0000309353651841852781,0000310150281570636049,熊本城東郵便局,ゆうちょ銀行熊本支店,,ユウチョギンコウクマモトシテン,99,096-328-5163,,431010510000000100001,JPN,43,101,051,000,00001,00001,熊本県熊本市中央区城東町1-1,1,1,ja,130.7090193685,32.8040798611,130.7088772244,32.8040399848,00170:0017000110; ,0017000110:銀行,金融機関;銀行;,130.7091115994,32.8041224501,,,,130.7092483181,32.8041902669,130.7093801541,32.804246148,,,,,,
309353651841852807,1751104250236565172,0000309353651841852807,0001751104250236565172,アンピールパーキング上通り,BEYOND,,,99,,,431010510000000200001,JPN,43,101,051,000,00002,00001,熊本県熊本市中央区城東町2-12,1,7,ja,,,,,00120:0012000190; ,0012000190:その他,レジャー;その他;,130.7098299154,32.8039822049,,,,,,,,,,,,,
309353651841852807,1752077318026735751,0000309353651841852807,0001752077318026735751,アンピールパーキング上通り,アンピールパーキング上通り,,アンピールパーキングカミトオリ,99,,,431010510000000200001,JPN,43,101,051,000,00002,00001,熊本県熊本市中央区城東町2-12,1,7,ja,,,,,00110:0011000110; ,0011000110:駐車場,車・交通;駐車場;,130.7098299154,32.8039822049,,,,,,,,,,,,,
309353651841852810,310150281570636288,0000309353651841852810,0000310150281570636288,熊本ホテルキャッスル,熊本ホテルキャッスル,,クマモトホテルキャッスル,99,096-326-3311,,431010510000000400001,JPN,43,101,051,000,00004,00001,熊本県熊本市中央区城東町4-2,1,1,ja,130.7104009332,32.8049734158,130.7104633247,32.8049620226,00160:0016000140; ,0016000140:冠婚葬祭場,病院・役所;冠婚葬祭場;,130.7098798286,32.8050816515,,,,130.7095787218,32.8052129449,130.7092862956,32.8053304036,130.7092431641,32.805371365,,,,
309353651841852810,1751207604329121429,0000309353651841852810,0001751207604329121429,熊本ホテルキャッスル,熊本ホテルキャッスル,,クマモトホテルキャッスル,99,096-326-3311,,431010510000000400001,JPN,43,101,051,000,00004,00001,熊本県熊本市中央区城東町4-2,1,1,ja,130.7095787218,32.8052129449,130.7092862956,32.8053304036,00130:0013000130; ,0013000130:ビジネスホテル,宿泊;ビジネスホテル;,130.7098798286,32.8050816515,,,,,,130.7092431641,32.805371365,,,,,,
309353651841852817,1751969565887268654,0000309353651841852817,0001751969565887268654,aune KUMAMOTO,TCB東京中央美容外科,,,99,,,431010160000000100011,JPN,43,101,016,000,00001,00011,熊本県熊本市中央区上通町1-26,1,7,ja,,,,,00160:0016000110; ,0016000110:病院,病院・役所;病院;,130.7099815538,32.8035321723,,,,,,,,,,,,,
309353651841852825,1749252672654953563,0000309353651841852825,0001749252672654953563,大進㈱第7ビル,サンドラッグ熊本上通店,,サンドラッグクマモトカミトオリテン,99,096-312-5277,,431010160000000100007,JPN,43,101,016,000,00001,00007,熊本県熊本市中央区上通町1-19,1,1,ja,130.7103290473,32.8033759223,130.7104543728,32.8030501302,00140:0014000230; ,0014000230:ドラッグストア,買い物;ドラッグストア;,130.7103152127,32.8034573025,,,,,,,,,,,,,
309353651841852847,1751207604329119925,0000309353651841852847,0001751207604329119925,アークホテル熊本城前,アークホテル熊本城前,,アークホテルクマモトジョウマエ,99,096-351-2222,,431010510000000500002,JPN,43,101,051,000,00005,00002,熊本県熊本市中央区城東町5-16,1,1,ja,130.7102498372,32.8069417318,130.7101220703,32.8068760851,00130:0013000130; ,0013000130:ビジネスホテル,宿泊;ビジネスホテル;,130.7104456923,32.8070258247,,,,,,130.7101635742,32.8068986003,,,,,,
309353651841852848,1748357670190038202,0000309353651841852848,0001748357670190038202,京屋本店ビル,喫茶マノ,,,99,,,431010160000000200005,JPN,43,101,016,000,00002,00005,熊本県熊本市中央区上通町2-5,1,7,ja,,,,,00240:0024000140; ,0024000140:その他グルメ,グルメ;その他グルメ;,130.7107400174,32.80347602,,,,,,,,,,,,,
309353651841852866,310150281570636516,0000309353651841852866,0000310150281570636516,ホテルオークス,ホテルオークス熊本,,ホテルオークスクマモト,99,096-322-1711,,431010160000000600011,JPN,43,101,016,000,00006,00011,熊本県熊本市中央区上通町6-8,1,1,ja,130.7106958008,32.8053442383,130.7106141493,32.8053719076,00130:0013000130; ,0013000130:ビジネスホテル,宿泊;ビジネスホテル;,130.71074273,32.8053504774,,,,,,,,,,,,,
309353651841852886,310150281570636637,0000309353651841852886,0000310150281570636637,NK№1ビル,学校法人三幸学園飛鳥未来きずな高等学校熊本キャンパス,,,99,,,431010160000000100001,JPN,43,101,016,000,00001,00001,熊本県熊本市中央区上通町1-1,1,7,ja,,,,,00250:0025000140; ,0025000140:高校,学校;高校;,130.7101315647,32.8036265734,,,,,,,,,,,,,
309353651841853021,309096949431284140,0000309353651841853021,0000309096949431284140,肥後水道町ビル,肥後銀行水道町支店銀座通支店,,,99,,,431010160000000300006,JPN,43,101,016,000,00003,00006,熊本県熊本市中央区上通町3-31,1,7,ja,,,,,00170:0017000110; ,0017000110:銀行,金融機関;銀行;,130.7120629883,32.8027894423,,,,,,,,,,,,,
309353651841853021,309096949431284141,0000309353651841853021,0000309096949431284141,肥後水道町ビル,肥後銀行水道町支店銀座通支店,,,99,,,431010160000000300006,JPN,43,101,016,000,00003,00006,熊本県熊本市中央区上通町3-31,1,7,ja,,,,,00170:0017000110; ,0017000110:銀行,金融機関;銀行;,130.7120629883,32.8027894423,,,,,,,,,,,,,
309353651841853021,309096949431284142,0000309353651841853021,0000309096949431284142,肥後水道町ビル,肥後銀行水道町支店銀座通支店,,,99,,,431010160000000300006,JPN,43,101,016,000,00003,00006,熊本県熊本市中央区上通町3-31,1,7,ja,,,,,00170:0017000110; ,0017000110:銀行,金融機関;銀行;,130.7120629883,32.8027894423,,,,,,,,,,,,,
309353651841853021,1747899173841263279,0000309353651841853021,0001747899173841263279,肥後水道町ビル,肥後銀行銀座通支店,,ヒゴギンコウギンザドオリシテン,99,096-352-3111,860-0845,431010160000000300006,JPN,43,101,016,000,00003,00006,熊本県熊本市中央区上通町3-31,1,1,ja,130.7120033095,32.8027259657,130.7119596354,32.8026299371,00170:0017000110; ,0017000110:銀行,金融機関;銀行;,130.7120629883,32.8027894423,,,,,,,,,,,,,
309353651841853021,1751969565887268677,0000309353651841853021,0001751969565887268677,肥後水道町ビル,肥後銀行水道町支店,,ヒゴギンコウスイドウチョウシテン,99,096-352-3111,,431010160000000300006,JPN,43,101,016,000,00003,00006,熊本県熊本市中央区上通町3-31,1,1,ja,130.7120288086,32.8027189128,130.7119596354,32.8026299371,00170:0017000110; ,0017000110:銀行,金融機関;銀行;,130.7120629883,32.8027894423,,,,,,,,,,,,,
309353651841853044,309096949431284241,0000309353651841853044,0000309096949431284241,損保ジャパン熊本水道町ビル,(株)時事通信社熊本支局,,ジジツウシンシャクマモトシキョク,99,096-325-5300,,431010590000000900009,JPN,43,101,059,000,00009,00009,熊本県熊本市中央区水道町9-31,1,1,ja,130.7139542643,32.8022507053,130.713894043,32.802230089,00160:0016000200; ,0016000200:その他,病院・役所;その他;,130.7140527344,32.8022496202,,,,,,,,,,,,,
309353651841853052,1748221330748131589,0000309353651841853052,0001748221330748131589,加地ビル,大分銀行熊本支店,,オオイタギンコウクマモトシテン,99,096-355-5211,,431010590000000100008,JPN,43,101,059,000,00001,00008,熊本県熊本市中央区水道町1-23,1,1,ja,130.7129150391,32.8027796766,130.7134708659,32.8035907661,00170:0017000110; ,0017000110:銀行,金融機関;銀行;,130.712863227,32.8027064345,,,,,,,,,,,,,
309353651841853052,1750898641561789126,0000309353651841853052,0001750898641561789126,加地ビル,加地ビル契約者専用駐車場,,カジビルケイヤクシャセンヨウチュウシャジョウ,99,,,431010590000000100008,JPN,43,101,059,000,00001,00008,熊本県熊本市中央区水道町1-23,1,7,ja,,,,,00110:0011000110; ,0011000110:駐車場,車・交通;駐車場;,130.712863227,32.8027064345,,,,,,,,,,,,,
309353651841853062,309096949431284393,0000309353651841853062,0000309096949431284393,メルパルク熊本,メルパルク熊本,,メルパルククマモト,99,096-355-6311,,431010590000001400001,JPN,43,101,059,000,00014,00001,熊本県熊本市中央区水道町14-1,1,1,ja,130.7148448351,32.8034450955,130.7149796549,32.803374566,00130:0013000140; ,0013000140:公共の宿,宿泊;公共の宿;,130.7147111003,32.8035316298,,,,,,,,,,,,,
309353651841853062,309096949431284395,0000309353651841853062,0000309096949431284395,メルパルク熊本,メルパルク熊本,,メルパルククマモト,99,096-355-6311,,431010590000001400001,JPN,43,101,059,000,00014,00001,熊本県熊本市中央区水道町14-1,1,1,ja,130.7148193359,32.8033764648,130.7149159071,32.8032354058,00160:0016000140; ,0016000140:冠婚葬祭場,病院・役所;冠婚葬祭場;,130.7147111003,32.8035316298,,,,,,,,,,,,,
309353651841853062,1747542932073843812,0000309353651841853062,0001747542932073843812,メルパルク熊本,ホテルメルパルク熊本,,ホテルメルパルククマモト,99,096-355-6311,860-0844,431010590000001400001,JPN,43,101,059,000,00014,00001,熊本県熊本市中央区水道町14-1,1,1,ja,130.7148263889,32.8033957248,130.7149159071,32.8032354058,00130:0013000110; ,0013000110:ホテル,宿泊;ホテル;,130.7147111003,32.8035316298,,,,,,,,,,,,,
309353651841853072,1751969565887268696,0000309353651841853072,0001751969565887268696,上通りイーストンビル,夜CAFE&bar,,,99,,,431010160000000500014,JPN,43,101,016,000,00005,00014,熊本県熊本市中央区上通町5-46,1,7,ja,,,,,00240:0024000140; ,0024000140:その他グルメ,グルメ;その他グルメ;,130.7114873589,32.8039648438,,,,,,,,,,,,,
309353651841853105,309096949431284672,0000309353651841853105,0000309096949431284672,EASTONE BUILD,ハーもニー保育園,,,99,,,431010590000000100012,JPN,43,101,059,000,00001,00012,熊本県熊本市中央区水道町1-9,1,7,ja,,,,,00250:0025000170; ,0025000170:幼稚園・保育園,学校;幼稚園・保育園;,130.7127883572,32.8032834201,,,,,,,,,,,,,
309353651841853106,309096949431284681,0000309353651841853106,0000309096949431284681,ヴィラージュ,フェリシア,,フェリシア,99,096-354-7539,,431010590000000100005,JPN,43,101,059,000,00001,00005,熊本県熊本市中央区水道町1-19,1,1,ja,130.7131475152,32.8030202908,130.7132408312,32.8029934353,00160:0016000140; ,0016000140:冠婚葬祭場,病院・役所;冠婚葬祭場;,130.7129937066,32.8030683051,,,,,,,,,,,,,
309353651841853121,1752608382142937758,0000309353651841853121,0001752608382142937758,熊本県弁護士会,ホール,,,99,,,431010590000000900013,JPN,43,101,059,000,00009,00013,熊本県熊本市中央区水道町9-8,1,7,ja,,,,,00220:0022000160; ,0022000160:ホール・会館,文化施設;ホール・会館;,130.7143188477,32.8028483073,,,,,,,,,,,,,
309353651841853122,1748097085934192540,0000309353651841853122,0001748097085934192540,富士水道町ビル,PMD医歯薬個別予備校熊本校,,ピーエムディーイシヤクコベツヨビコウクマモトコウ,99,096-323-1711,,431010590000000700003,JPN,43,101,059,000,00007,00003,熊本県熊本市中央区水道町7-16,1,1,ja,130.7137310113,32.8022431098,130.7136873372,32.8021454536,00250:0025000200; ,0025000200:その他学校,学校;その他学校;,130.713762207,32.8023543294,,,,,,,,,,,,,
309353651841853131,309096949431284844,0000309353651841853131,0000309096949431284844,九特会館,熊本上通郵便局,,クマモトカミトオリユウビンキョク,99,096-326-4123,,431010590000000300011,JPN,43,101,059,000,00003,00011,熊本県熊本市中央区水道町3-37,1,1,ja,130.7124112956,32.8042569987,130.7123996311,32.8041742622,00170:0017000130; ,0017000130:郵便局,金融機関;郵便局;,130.7124457465,32.8043641493,,,,,,,,,,,,,
309353651841853134,309096949431284885,0000309353651841853134,0000309096949431284885,大谷ビル,(株)大谷楽器楽譜部,,オオタニガッキガクフブ,99,096-355-2248,,431010160000000700001,JPN,43,101,016,000,00007,00001,熊本県熊本市中央区上通町7-1,1,1,ja,130.7111051432,32.8045410156,130.7110739475,32.8045217556,00140:0014000240; ,0014000240:本屋,買い物;本屋;,130.7111751302,32.8045673286,,,,,,,,,,,,,
309353651841853138,309096949431284913,0000309353651841853138,0000309096949431284913,熊本和数奇司館,天空の湯満月,,,99,,,431010160000000700016,JPN,43,101,016,000,00007,00016,熊本県熊本市中央区上通町7-35,1,7,ja,,,,,00120:0012000160; ,0012000160:温泉・スパ,レジャー;温泉・スパ;,130.7115676541,32.8046657986,,,,,,,,,,,,,
309353651841853139,309096949431285049,0000309353651841853139,0000309096949431285049,エイルマンショングランディール水道町,モア・ヘアメイクカレッジ水道町キャンパス,,モアヘアメイクカレッジスイドウチョウキャンパス,99,096-355-4466,860-0844,431010590000001300001,JPN,43,101,059,000,00013,00001,熊本県熊本市中央区水道町13-10,1,1,ja,130.7140877279,32.8045979818,130.7139938694,32.8046324327,00250:0025000200; ,0025000200:その他学校,学校;その他学校;,130.7146028646,32.8044051107,,,,,,,,,,,,,
309353651841853237,1748357670190038267,0000309353651841853237,0001748357670190038267,t-BRIO,Stairs,,,99,,,431010590000000400015,JPN,43,101,059,000,00004,00015,熊本県熊本市中央区水道町4-39,1,7,ja,,,,,00120:0012000190; ,0012000190:その他,レジャー;その他;,130.7123871528,32.8048375109,,,,,,,,,,,,,
309353651841853269,309096949431285544,0000309353651841853269,0000309096949431285544,ハヤカワスポーツ館,セブンイレブン熊本上通りアーケード店,,セブンイレブンクマモトカミトオリアーケードテン,99,096-354-7761,,431010160000000900001,JPN,43,101,016,000,00009,00001,熊本県熊本市中央区上通町9-1,1,1,ja,130.7114545356,32.8054044596,130.7114523655,32.8053873698,00140:0014000180; 00140:0014000180; ,0014000180:コンビニ,買い物;コンビニ;,130.7114664714,32.8055015734,,,,,,,,,,,,,
309353651841853269,1748221330748131590,0000309353651841853269,0001748221330748131590,ハヤカワスポーツ館,サンマルクカフェ熊本上通店,,サンマルクカフェクマモトカミトオリテン,99,096-312-3309,,431010160000000900001,JPN,43,101,016,000,00009,00001,熊本県熊本市中央区上通町9-1,1,1,ja,130.7114176432,32.8054142253,130.7114523655,32.8053873698,00240:0024000120; 00240:0024000120; ,0024000120:ファミレス,グルメ;ファミレス;,130.7114664714,32.8055015734,,,,,,,,,,,,,
309353651841853376,310146983035701281,0000309353651841853376,0000310146983035701281,上通り第1ビル,イワサキACE並木坂店,,イワサキエースナミキザカテン,99,096-312-8233,860-0847,431010170000000100009,JPN,43,101,017,000,00001,00009,熊本県熊本市中央区上林町1-25,1,1,ja,,,,,00140:0014000170; ,0014000170:スーパー,買い物;スーパー;,130.7116965061,32.8072694227,,,,,,,,,,,,,
309353651841853377,1751104250236565279,0000309353651841853377,0001751104250236565279,マーケットプレース,GOLGOL,,,99,,,431010170000000100012,JPN,43,101,017,000,00001,00012,熊本県熊本市中央区上林町1-30,1,7,ja,,,,,00140:0014000200; ,0014000200:スポーツ用品,買い物;スポーツ用品;,130.7116048177,32.8070347765,,,,,,,,,,,,,
309353651841853446,309096949431286401,0000309353651841853446,0000309096949431286401,コアスクエア上乃裏,ファミリーマート熊本上乃裏通り店,,ファミリーマートクマモトカミノウラドオリテン,99,096-325-2113,,431010240000000400001,JPN,43,101,024,000,00004,00001,熊本県熊本市中央区草葉町4-1,1,1,ja,130.7129125977,32.8065345595,130.7128887261,32.8065451389,00140:0014000180; 00140:0014000180; ,0014000180:コンビニ,買い物;コンビニ;,130.7130056424,32.8064998372,,,,,,,,,,,,,
309353651841853525,309096949431286667,0000309353651841853525,0000309096949431286667,肥後上通ビル,肥後銀行上通支店,,ヒゴギンコウカミトオリシテン,99,096-353-0531,,431010160000001000001,JPN,43,101,016,000,00010,00001,熊本県熊本市中央区上通町10-1,1,1,ja,130.7115478516,32.8060015191,130.7114935981,32.8060327148,00170:0017000110; ,0017000110:銀行,金融機関;銀行;,130.711733941,32.8059735786,,,,,,,,,,,,,
309353651841853532,1751226296026823679,0000309353651841853532,0001751226296026823679,緑ビル,緑ビルパーキング,,ミドリビルパーキング,99,,,431010160000001000011,JPN,43,101,016,000,00010,00011,熊本県熊本市中央区上通町10-3,1,7,ja,,,,,00110:0011000110; ,0011000110:駐車場,車・交通;駐車場;,130.7116940647,32.8060677083,,,,,,,,,,,,,
309353651841853537,1751044876608430093,0000309353651841853537,0001751044876608430093,MORE'S,熊本上通矯正歯科クリニック,,,99,,,431010160000000700010,JPN,43,101,016,000,00007,00010,熊本県熊本市中央区上通町7-2,1,7,ja,,,,,00160:0016000110; ,0016000110:病院,病院・役所;病院;,130.7112481011,32.8046856011,,,,,,,,,,,,,
309353651841853572,309096949431286876,0000309353651841853572,0000309096949431286876,蚕糸会館,セブンイレブン熊本上乃裏通り店,,セブンイレブンクマモトカミノウラトオリテン,99,096-355-4661,,431010160000000700015,JPN,43,101,016,000,00007,00015,熊本県熊本市中央区上通町7-32,1,1,ja,130.7119273546,32.8045450846,130.7118969727,32.8043069119,00140:0014000180; 00140:0014000180; ,0014000180:コンビニ,買い物;コンビニ;,130.7119327799,32.8046001519,,,,130.7121487088,32.8045537652,130.7121706814,32.8045496962,,,,,,
309353651841853598,1751104250236565318,0000309353651841853598,0001751104250236565318,ウェルブライト上通り,chocoZAP上通店,,,99,,,431010240000000200013,JPN,43,101,024,000,00002,00013,熊本県熊本市中央区草葉町2-32,1,7,ja,,,,,00120:0012000190; ,0012000190:その他,レジャー;その他;,130.7130493164,32.8057486979,,,,,,,,,,,,,
309353651841859455,310056823082229655,0000309353651841859455,0000310056823082229655,熊本信愛女学院高等学校中学校,私立熊本信愛女学院中学校,,シリツクマモトシンアイジョガクインチュウガッコウ,99,096-354-5355,,431010170000000300001,JPN,43,101,017,000,00003,00001,熊本県熊本市中央区上林町3-18,1,1,ja,130.7110934787,32.8083789063,130.7108911133,32.8087394206,00250:0025000150; ,0025000150:中学校,学校;中学校;,130.7111013455,32.8082720269,,,,,,,,,,,,,
309353651841860218,1751104250236565362,0000309353651841860218,0001751104250236565362,ロマージュ上通並木坂,Chemin,,,99,,,431010950000000500013,JPN,43,101,095,000,00005,00013,熊本県熊本市中央区南坪井町5-27-1,1,7,ja,,,,,00120:0012000190; ,0012000190:その他,レジャー;その他;,130.7127167426,32.8076812066,,,,,,,,,,,,,
309353651841861189,1752291722794297499,0000309353651841861189,0001752291722794297499,上通二生ビル,エッセンス,,,99,,,431010170000000100008,JPN,43,101,017,000,00001,00008,熊本県熊本市中央区上林町1-24,1,7,ja,,,,,00120:0012000190; ,0012000190:その他,レジャー;その他;,130.7117952474,32.8073399523,,,,,,,,,,,,,
309353651841861397,310879257779807806,0000309353651841861397,0000310879257779807806,並木坂デンタルクリニック,ローソン並木坂店,,ローソンナミキザカテン,99,096-325-7473,,431010950000000500006,JPN,43,101,095,000,00005,00006,熊本県熊本市中央区南坪井町5-19,1,1,ja,130.7121587457,32.8077137587,130.7120703125,32.807746582,00140:0014000180; 00140:0014000180; ,0014000180:コンビニ,買い物;コンビニ;,130.7122998047,32.8076912435,,,,,,,,,,,,,
1750678168005617752,1,0001750678168005617752,0000000000000000000001,,水道町(産交)(電鉄)(熊バス)(都市),,,99,,,431010590000000900009,JPN,43,101,059,000,00009,00009,熊本県熊本市中央区水道町9-31,,2,ja,,,,,00110:0011000100; ,0011000100:バス停,車・交通;バス停;,130.7139841037,32.8021384006,,,,,,,,,,,,,
1750678168005617754,1,0001750678168005617754,0000000000000000000001,,通町筋(高速)(都市間)(都市)(熊バス)(空港)(産交),,,99,,,431010160000000200001,JPN,43,101,016,000,00002,00001,熊本県熊本市中央区上通町2-1,,2,ja,,,,,00110:0011000100; ,0011000100:バス停,車・交通;バス停;,130.7111583116,32.8029397244,,,,,,,,,,,,,
1750678168005617748,1,0001750678168005617748,0000000000000000000001,,水道町(電鉄)(産交)(都市),,,99,,,431010590000000100005,JPN,43,101,059,000,00001,00005,熊本県熊本市中央区水道町1-19,,2,ja,,,,,00110:0011000100; ,0011000100:バス停,車・交通;バス停;,130.7131722005,32.8030029297,,,,,,,,,,,,,
1750678168005617732,1,0001750678168005617732,0000000000000000000001,,城東町(電鉄)(都市),,,99,,,4310105100000005,JPN,43,101,051,000,00005,,熊本県熊本市中央区城東町5,,2,ja,,,,,00110:0011000100; ,0011000100:バス停,車・交通;バス停;,130.7098687066,32.8072192383,,,,,,,,,,,,,
306315706852006910,306315185013484498,0000306315706852006910,0000306315185013484498,,コスギエコパーキング水道町,,コスギエコパーキングスイドウチョウチュウシャジョウ,99,,,431010590000000500004,JPN,43,101,059,000,00005,00004,熊本県熊本市中央区水道町5-21,7,7,ja,130.7135047743,32.8016094293,130.7135245768,32.8016018338,00110:0011000110; ,0011000110:駐車場,車・交通;駐車場;,130.7133789063,32.8017575412,,,,130.7130406359,32.8018522135,130.7129619683,32.801882053,,,,,,
306408065828160085,306407543989637587,0000306408065828160085,0000306407543989637587,,ホテルメルパルク熊本駐車場,,ホテルメルパルククマモトチュウシャジョウ,99,,,4310105900000015,JPN,43,101,059,000,00015,,熊本県熊本市中央区水道町15,7,7,ja,130.7150786675,32.8034724935,130.7150339084,32.8034928385,00110:0011000110; ,0011000110:駐車場,車・交通;駐車場;,130.7154359266,32.8036599392,,,,,,,,,,,,,
1749946986331009782,1749946464492483374,0001749946986331009782,0001749946464492483374,,ダイイチパーク草場町駐車場,,ダイイチパーククサバマチチュウシャジョウ,99,,,431010240000000300006,JPN,43,101,024,000,00003,00006,熊本県熊本市中央区草葉町3-3,7,7,ja,130.712976888,32.8061862522,130.713039822,32.8063639323,00110:0011000110; ,0011000110:駐車場,車・交通;駐車場;,130.7130227322,32.8062947591,,,,,,,,,,,,,
1750088823330606414,1750088301492079951,0001750088823330606414,0001750088301492079951,,熊本市中央公民館駐車場,,クマモトシチュウオウコウミンカンチュウシャジョウ,99,,,431010240000000500001,JPN,43,101,024,000,00005,00001,熊本県熊本市中央区草葉町5-1,7,7,ja,130.71560574,32.8046072049,130.7151676432,32.8044249132,00110:0011000110; ,0011000110:駐車場,車・交通;駐車場;,130.7154134115,32.8045638021,,,,,,,,,,,,,
1750225162772483330,1750224640933956867,0001750225162772483330,0001750224640933956867,,パスート24上通並木坂コイン駐車場,,パスートニジュウヨンカミトオリナミキザカコインチュウシャジョウ,99,,,431010950000000500007,JPN,43,101,095,000,00005,00007,熊本県熊本市中央区南坪井町5-2,7,7,ja,130.7122477214,32.8074880642,130.7122433811,32.8074593099,00110:0011000110; ,0011000110:駐車場,車・交通;駐車場;,130.7122425673,32.8075672743,,,,,,,,,,,,,
1751045398446956520,1751044876608430106,0001751045398446956520,0001751044876608430106,,MGパーキング上通,,エムジーパーキングカミトオリ,99,,,431010160000000500014,JPN,43,101,016,000,00005,00014,熊本県熊本市中央区上通町5-46,7,7,ja,130.7116468641,32.8037559679,130.7117803277,32.8037291124,00110:0011000110; ,0011000110:駐車場,車・交通;駐車場;,130.7116596137,32.8038606771,,,,,,,,,,,,,
1752009670144325983,1749946464492483386,0001752009670144325983,0001749946464492483386,,三井のリパーク熊本水道町第3駐車場,,ミツイノリパーククマモトスイドウチョウダイサンチュウシャジョウ,99,,,431010590000000900004,JPN,43,101,059,000,00009,00004,熊本県熊本市中央区水道町9-20,7,7,ja,130.7146400282,32.8025198025,130.7146815321,32.8024880642,00110:0011000110; ,0011000110:駐車場,車・交通;駐車場;,130.71456977,32.8025889757,,,,,,,,,,,,,
306408065828160065,306407543989637567,0000306408065828160065,0000306407543989637567,,コスギパーキング上通駐車場,,コスギパーキングカミトオリチュウシャジョウ,99,,,431010590000000300005,JPN,43,101,059,000,00003,00005,熊本県熊本市中央区水道町3-21,7,7,ja,130.7134638129,32.8042428928,130.7135538737,32.8044213867,00110:0011000110; ,0011000110:駐車場,車・交通;駐車場;,130.713515625,32.804347602,,,,,,,,,,,,,
306408065828160066,306407543989637568,0000306408065828160066,0000306407543989637568,,内坪井コインパーキング,,ウチツボイコインパーキング,99,,,431010950000000300001,JPN,43,101,095,000,00003,00001,熊本県熊本市中央区南坪井町3-1,7,7,ja,130.7132061089,32.806968316,130.7132028537,32.8069566515,00110:0011000110; ,0011000110:駐車場,車・交通;駐車場;,130.713218316,32.8070117188,,,,,,,,,,,,,
306408065828160073,1750483026166586522,0000306408065828160073,0001750483026166586522,,パスート24城東町コイン駐車場,,パスートニジュウヨンジョウトウマチコインチュウシャジョウ,99,,,431010510000000500014,JPN,43,101,051,000,00005,00014,熊本県熊本市中央区城東町5-38,7,7,ja,130.711233724,32.8065654839,130.7113891602,32.8070198568,00110:0011000110; ,0011000110:駐車場,車・交通;駐車場;,130.7113685438,32.8068410916,,,,,,,,,,,,,
306408065828160074,306407543989637576,0000306408065828160074,0000306407543989637576,,KAWATAパーキング,,カワタパーキング,99,,,431010950000000200005,JPN,43,101,095,000,00002,00005,熊本県熊本市中央区南坪井町2-17,7,7,ja,130.7135601128,32.8065112305,130.7135544162,32.8064892578,00110:0011000110; ,0011000110:駐車場,車・交通;駐車場;,130.7135343424,32.8066042752,,,,,,,,,,,,,
1747899695679785892,1749778239213034852,0001747899695679785892,0001749778239213034852,,コスギパーキング上通駐車場,,コスギパーキングカミトオリチュウシャジョウ,99,092-461-8359,,431010590000000300005,JPN,43,101,059,000,00003,00005,熊本県熊本市中央区水道町3-21,7,7,ja,130.7135742188,32.804313151,130.7137556966,32.8042941623,00110:0011000110; ,0011000110:駐車場,車・交通;駐車場;,130.713515625,32.804347602,,,,130.7135609266,32.8044053819,130.7135671658,32.8044178602,,,,,,
1749697391553952907,1751183415073308784,0001749697391553952907,0001751183415073308784,ホテルウィングインターナショナルセレクト熊本,セブンイレブン熊本水道町店,,セブンイレブンクマモトスイドウチョウテン,99,096-326-6050,,431010590000000200004,JPN,43,101,059,000,00002,00004,熊本県熊本市中央区水道町2-13,1,1,ja,130.7133024089,32.8036490885,130.7134594727,32.803562283,00140:0014000180; 00140:0014000180; ,0014000180:コンビニ,買い物;コンビニ;,130.7131833225,32.8037014431,,,,,,,,,,,,,
1751554466693404132,1752871165421951358,0001751554466693404132,0001752871165421951358,FOURDEER 水道町ビル,ローソン熊本水道町北店,,ローソンクマモトスイドウチョウキタテン,99,096-359-0775,860-0844,4310105900000010,JPN,43,101,059,000,00010,,熊本県熊本市中央区水道町10,1,1,ja,130.713757053,32.8033650716,130.7137310113,32.8033154297,00140:0014000180; 00140:0014000180; ,0014000180:コンビニ,買い物;コンビニ;,130.7138197157,32.8034261068,,,,130.7136699761,32.8034605577,130.7135677083,32.803496365,,,,,,
1751045398446956519,1751044876608430105,0001751045398446956519,0001751044876608430105,,タイムズ上乃裏駐車場,,タイムズカミノウラチュウシャジョウ,99,,,431010950000000300006,JPN,43,101,095,000,00003,00006,熊本県熊本市中央区南坪井町3-17,7,7,ja,130.7136707899,32.8074462891,130.7136751302,32.8074747721,00110:0011000110; ,0011000110:駐車場,車・交通;駐車場;,130.7135750326,32.8071633572,,,,,,,,,,,,,
309353651841852649,310150281570635329,0000309353651841852649,0000310150281570635329,ドトールコーヒーコーヒーショップ熊本上通り店,ドトールコーヒーショップ熊本上通り店,,ドトールコーヒーショップクマモトカミトオリテン,99,096-312-3450,860-0845,431010160000000400009,JPN,43,101,016,000,00004,00009,熊本県熊本市中央区上通町4-18,3,1,ja,130.7107248264,32.8040630425,130.7104543728,32.8030501302,00240:0024000140; 00240:0024000140; ,0024000140:その他グルメ,グルメ;その他グルメ;,130.7105973307,32.8040958659,,,,130.7105932617,32.8040719944,130.7109103733,32.8045694987,,,130.710612793,32.8041167535,,
309353651841852681,1752291722794296422,0000309353651841852681,0001752291722794296422,甘味処 鎌倉,甘味処 鎌倉,,,99,,860-0845,431010160000000200008,JPN,43,101,016,000,00002,00008,熊本県熊本市中央区上通町2-8,3,7,ja,130.710749783,32.8038058811,130.7109103733,32.8045694987,00240:0024000140; ,0024000140:その他グルメ,グルメ;その他グルメ;,130.7108865017,32.8037679036,,,,,,,,,,,,,
309353651841852685,309096949431283801,0000309353651841852685,0000309096949431283801,金龍堂まるぶん店,(株)金龍堂まるぶん店,,キンリュウドウマルブンテン,99,096-356-4733,860-0845,431010160000000500001,JPN,43,101,016,000,00005,00001,熊本県熊本市中央区上通町5-1,3,1,ja,130.711059299,32.8039588759,130.7104543728,32.8030501302,00140:0014000240; ,0014000240:本屋,買い物;本屋;,130.7113102214,32.804125434,,,,130.7109375,32.8040299479,130.7109103733,32.8045694987,,,,,,
309353651841852781,310150281570636048,0000309353651841852781,0000310150281570636048,熊本城東郵便局,熊本城東郵便局,,クマモトジョウトウユウビンキョク,99,096-353-6478,860-0846,431010510000000100001,JPN,43,101,051,000,00001,00001,熊本県熊本市中央区城東町1-1,3,1,ja,130.7090380859,32.8040662977,130.7089686415,32.8039729818,00170:0017000130; ,0017000130:郵便局,金融機関;郵便局;,130.7091115994,32.8041224501,,,,130.7090193685,32.8040798611,130.7088772244,32.8040399848,130.7093801541,32.804246148,130.7092483181,32.8041902669,,
309353651841852810,310150281570636287,0000309353651841852810,0000310150281570636287,熊本ホテルキャッスル,熊本ホテルキャッスル,,クマモトホテルキャッスル,99,096-326-3311,860-0846,431010510000000400001,JPN,43,101,051,000,00004,00001,熊本県熊本市中央区城東町4-2,3,1,ja,130.709542372,32.8051931424,130.7092504883,32.8052926975,00130:0013000110; ,0013000110:ホテル,宿泊;ホテル;,130.7098798286,32.8050816515,,,,130.7095041233,32.8052826606,130.7092862956,32.8053304036,130.7092073568,32.8053339301,,,130.7092431641,32.805371365
309353651841852846,310150281570636434,0000309353651841852846,0000310150281570636434,熊本大学教育学部附属幼稚園,熊本大学教育学部附属幼稚園,,クマモトダイガクキョウイクガクブフゾクヨウチエン,99,096-352-3483,860-0846,431010510000000500036,JPN,43,101,051,000,00005,00036,熊本県熊本市中央区城東町5-9,3,1,ja,130.710352105,32.8065904405,130.7101711697,32.8065896267,00250:0025000170; ,0025000170:幼稚園・保育園,学校;幼稚園・保育園;,130.7105718316,32.8066129557,,,,130.7103523763,32.8066042752,130.7102178277,32.8065901693,,,,,,
309353651841852847,310150281570636436,0000309353651841852847,0000310150281570636436,アークホテル熊本城前,アークホテル熊本城前,,アークホテルクマモトジョウマエ,99,096-351-2222,860-0846,431010510000000500002,JPN,43,101,051,000,00005,00002,熊本県熊本市中央区城東町5-16,3,1,ja,130.7102368164,32.8069360352,130.7101220703,32.8068760851,00130:0013000110; ,0013000110:ホテル,宿泊;ホテル;,130.7104456923,32.8070258247,,,,130.7102473958,32.8069452582,130.7101635742,32.8068986003,,,,,,
309353651841852865,1751110847305963869,0000309353651841852865,0001751110847305963869,オークスパーキング,オークスパーキング,,オークスパーキング,99,096-356-7362,860-0845,431010160000000600011,JPN,43,101,016,000,00006,00011,熊本県熊本市中央区上通町6-8,3,1,ja,130.7107899306,32.805164388,130.7105371094,32.8051622179,00110:0011000110; ,0011000110:駐車場,車・交通;駐車場;,130.710820855,32.8051413303,,,,130.7107969835,32.8051828342,130.7105750868,32.8052655707,,,,,,
309353651841852866,310150281570636517,0000309353651841852866,0000310150281570636517,ホテルオークス,ホテルオークス,,ホテルオークス,99,096-322-1711,860-0845,431010160000000600011,JPN,43,101,016,000,00006,00011,熊本県熊本市中央区上通町6-8,3,1,ja,130.7106925456,32.8053344727,130.7106141493,32.8053719076,00130:0013000110; ,0013000110:ホテル,宿泊;ホテル;,130.71074273,32.8053504774,,,,130.7106958008,32.8053447808,,,,,,,,
309353651841852883,1749778239213034830,0000309353651841852883,0001749778239213034830,グランガーデン熊本ビル立体駐車場,グランガーデン熊本ビル立体駐車場,,グランガーデンクマモトビルリッタイチュウシャジョウ,99,096-323-5467,860-0846,431010510000000500004,JPN,43,101,051,000,00005,00004,熊本県熊本市中央区城東町5-26,3,1,ja,130.7105007595,32.8058490668,130.7102585178,32.8056890191,00110:0011000110; ,0011000110:駐車場,車・交通;駐車場;,130.7105881076,32.8058992513,,,,130.7104975043,32.8058517795,,,,,,,,
309353651841853004,309096949431284103,0000309353651841853004,0000309096949431284103,熊本県婦人会館,熊本県婦人会館,,,99,,860-0844,431010590000001400004,JPN,43,101,059,000,00014,00004,熊本県熊本市中央区水道町14-21,3,7,ja,130.715113661,32.8043907335,130.7151236979,32.8044373915,00220:0022000160; ,0022000160:ホール・会館,文化施設;ホール・会館;,130.7150751411,32.8042936198,,,,,,,,,,,,,
309353651841853062,309096949431284392,0000309353651841853062,0000309096949431284392,メルパルク熊本,メルパルク熊本,,メルパルククマモト,99,096-355-6311,860-0844,431010590000001400001,JPN,43,101,059,000,00014,00001,熊本県熊本市中央区水道町14-1,3,1,ja,130.7148388672,32.8034285482,130.7149796549,32.803374566,00220:0022000160; ,0022000160:ホール・会館,文化施設;ホール・会館;,130.7147111003,32.8035316298,,,,130.7148448351,32.8034450955,,,,,,,,
309353651841853075,309096949431284437,0000309353651841853075,0000309096949431284437,カトリック手取教会,カトリック手取教会,,,99,,860-0845,431010160000000300008,JPN,43,101,016,000,00003,00008,熊本県熊本市中央区上通町3-34,3,7,ja,130.7118375651,32.8031125217,130.7116438802,32.8027172852,00220:0022000170; ,0022000170:その他文化施設,文化施設;その他文化施設;,130.711914605,32.8032278103,,,,,,,,,,,,,
309353651841853107,309096949431284695,0000309353651841853107,0000309096949431284695,デイリーヤマザキ熊本水道町店,デイリーヤマザキ熊本水道町店,,デイリーヤマザキクマモトスイドウチョウテン,99,096-359-8880,860-0844,431010590000000100007,JPN,43,101,059,000,00001,00007,熊本県熊本市中央区水道町1-21,3,1,ja,130.7125965712,32.8025528971,130.712569987,32.8024584961,00140:0014000180; 00140:0014000180; ,0014000180:コンビニ,買い物;コンビニ;,130.7126367188,32.8026605903,,,,130.7125824653,32.8025566949,130.7125113932,32.8024747721,,,,,,
309353651841853118,309096949431284716,0000309353651841853118,0000309096949431284716,東横イン熊本城通町筋,東横イン熊本城通町筋,,トウヨコインクマモトジョウトオリチョウスジ,99,096-325-1045,860-0844,431010590000000100001,JPN,43,101,059,000,00001,00001,熊本県熊本市中央区水道町1-1,3,1,ja,130.7124332682,32.802613661,130.7124018012,32.8025054253,00130:0013000130; ,0013000130:ビジネスホテル,宿泊;ビジネスホテル;,130.7124858941,32.8027308485,,,,130.7124240451,32.8026161024,,,,,,,,
309353651841853138,309096949431284911,0000309353651841853138,0000309096949431284911,熊本和数奇司館,熊本和数奇司館,,クマモトワスキツカサカン,99,096-352-5101,860-0845,431010160000000700016,JPN,43,101,016,000,00007,00016,熊本県熊本市中央区上通町7-35,3,1,ja,130.7115028212,32.8044634332,130.7114694553,32.8044184028,00130:0013000120; ,0013000120:旅館,宿泊;旅館;,130.7115676541,32.8046657986,,,,130.7114860026,32.8044680447,,,,,,,,
309353651841853222,309096949431285278,0000309353651841853222,0000309096949431285278,松藤旅館,松藤旅館,,マツフジリョカン,99,096-356-8117,860-0845,431010160000000700007,JPN,43,101,016,000,00007,00007,熊本県熊本市中央区上通町7-16,3,1,ja,130.7119740126,32.8052335612,130.7119780816,32.8052490234,00130:0013000120; ,0013000120:旅館,宿泊;旅館;,130.7119561089,32.8051925998,,,,130.711965332,32.8052354601,,,,,,,,
309353651841853258,309096949431285514,0000309353651841853258,0000309096949431285514,㈲舒文堂河島書店,舒文堂河島書店,,ジョブンドウカワシマショテン,99,096-352-1701,860-0845,431010160000001100005,JPN,43,101,016,000,00011,00005,熊本県熊本市中央区上通町11-2,3,1,ja,130.7117127821,32.8064735243,130.7116628689,32.8065071615,00140:0014000240; ,0014000240:本屋,買い物;本屋;,130.711777615,32.8064792209,,,,130.711714681,32.8064789497,,,,,,,,
309353651841853313,309096949431285697,0000309353651841853313,0000309096949431285697,日本キリスト教団熊本草葉町教会,日本キリスト教団熊本草葉町教会,,,99,,860-0843,431010240000000100002,JPN,43,101,024,000,00001,00002,熊本県熊本市中央区草葉町1-15,3,7,ja,130.7134421115,32.8053613281,130.7134578451,32.8054231771,00220:0022000170; ,0022000170:その他文化施設,文化施設;その他文化施設;,130.7134122721,32.8052479384,,,,,,,,,,,,,
309353651841853388,1748357670190038337,0000309353651841853388,0001748357670190038337,トリマルカフェ,トリマルカフェ,,,99,,860-0848,431010950000000100015,JPN,43,101,095,000,00001,00015,熊本県熊本市中央区南坪井町1-32,3,7,ja,130.712140842,32.8068600803,130.7121362305,32.8068408203,00240:0024000140; ,0024000140:その他グルメ,グルメ;その他グルメ;,130.7121554905,32.8068766276,,,,,,,,,,,,,
309353651841853424,1752291722794296604,0000309353651841853424,0001752291722794296604,CIAO,CIAO,,,99,,860-0843,431010240000000200008,JPN,43,101,024,000,00002,00008,熊本県熊本市中央区草葉町2-25,3,7,ja,130.7137188043,32.8054163954,130.7137055122,32.8053626845,00240:0024000140; ,0024000140:その他グルメ,グルメ;その他グルメ;,130.7137424045,32.8054861111,,,,,,,,,,,,,
309353651841853431,310146983035701302,0000309353651841853431,0000310146983035701302,旅館みやこ,みやこ旅館,,ミヤコリョカン,99,096-352-7977,860-0847,431010170000000100015,JPN,43,101,017,000,00001,00015,熊本県熊本市中央区上林町1-35,3,1,ja,130.7110538737,32.807121582,130.7110487196,32.8071028646,00130:0013000120; ,0013000120:旅館,宿泊;旅館;,130.7110894097,32.8072138129,,,,130.711047092,32.8071232096,,,,,,,,
309353651841853507,309096949431286552,0000309353651841853507,0000309096949431286552,熊本県熊本中央警察署,熊本中央警察署,,クマモトチュウオウケイサツショ,99,096-323-0110,860-0843,431010240000000500002,JPN,43,101,024,000,00005,00002,熊本県熊本市中央区草葉町5-13,3,1,ja,130.7156141493,32.8059095595,130.7156296115,32.8059714084,00160:0016000130; ,0016000130:警察,病院・役所;警察;,130.7155566406,32.8057779948,,,,130.7152926975,32.8059597439,130.7150737847,32.8061027018,,,,,,
309353651841853546,309096949431286847,0000309353651841853546,0000309096949431286847,城下旅館,城下旅館,,ジョウカリョカン,99,096-352-9391,860-0845,431010160000001100006,JPN,43,101,016,000,00011,00006,熊本県熊本市中央区上通町11-20,3,1,ja,130.7127292209,32.8062822808,130.7127498372,32.8062719727,00130:0013000120; ,0013000120:旅館,宿泊;旅館;,130.7126890734,32.8062890625,,,,130.712730306,32.8062841797,,,,,,,,
309353651841859455,310056823082229654,0000309353651841859455,0000310056823082229654,熊本信愛女学院高等学校中学校,私立熊本信愛女学院高校,,シリツクマモトシンアイジョガクインコウコウ,99,096-354-5355,860-0847,431010170000000300001,JPN,43,101,017,000,00003,00001,熊本県熊本市中央区上林町3-18,3,1,ja,130.7112179905,32.8083672418,130.710945638,32.8087291124,00250:0025000140; ,0025000140:高校,学校;高校;,130.7111013455,32.8082720269,,,,130.7110929362,32.8083789063,130.7108911133,32.8087394206,,,,,,
309353651841860117,310056823082231072,0000309353651841860117,0000310056823082231072,学校法人熊本信愛女学院幼稚園,熊本信愛女学院幼稚園,,クマモトシンアイジョガクインヨウチエン,99,096-352-9078,860-0847,431010170000000200003,JPN,43,101,017,000,00002,00003,熊本県熊本市中央区上林町2-20,3,1,ja,130.7099972873,32.8086300998,130.7099243164,32.8086271159,00250:0025000170; ,0025000170:幼稚園・保育園,学校;幼稚園・保育園;,130.7102067057,32.8086550564,,,,130.7100585938,32.8087242296,130.709854872,32.8086458333,130.7099682617,32.8087920464,,,130.7098988173,32.8088107639
309353651841861219,310146983035703816,0000309353651841861219,0000310146983035703816,末日聖徒イエス・キリスト教会,末日聖徒イエス・キリスト教会,,,99,,860-0848,431010950000001000008,JPN,43,101,095,000,00010,00008,熊本県熊本市中央区南坪井町10-3,3,7,ja,130.7141701931,32.8078477648,130.7141311306,32.8078575304,00220:0022000170; ,0022000170:その他文化施設,文化施設;その他文化施設;,130.7142778863,32.807839898,,,,,,,,,,,,,
309353651841861323,310146983035704365,0000309353651841861323,0000310146983035704365,学校法人九州美容専門学校,九州美容専門学校,,キュウシュウビヨウセンモンガッコウ,99,096-326-2288,860-0848,431010950000001000007,JPN,43,101,095,000,00010,00007,熊本県熊本市中央区南坪井町10-28,3,1,ja,130.7145600043,32.8077501085,130.7147032335,32.8077376302,00250:0025000200; ,0025000200:その他学校,学校;その他学校;,130.7144710286,32.8077574327,,,,130.7145613607,32.8077558051,,,,,,,,
309353651841861396,310146983035704754,0000309353651841861396,0000310146983035704754,熊本第一信用金庫上通支店,熊本第一信用金庫上通支店,,クマモトダイイチシンヨウキンコカミトオリシテン,99,096-356-6000,860-0848,431010950000000500018,JPN,43,101,095,000,00005,00018,熊本県熊本市中央区南坪井町5-5,3,1,ja,130.7121880425,32.8079554579,130.7121221246,32.8079858398,00170:0017000110; ,0017000110:銀行,金融機関;銀行;,130.7123111979,32.8079429796,,,,130.7121907552,32.8079722765,,,,,,,,
309353651841861397,1751969565887269321,0000309353651841861397,0001751969565887269321,並木坂デンタルクリニック,並木坂デンタルクリニック,,,99,,860-0848,431010950000000500006,JPN,43,101,095,000,00005,00006,熊本県熊本市中央区南坪井町5-19,3,7,ja,130.7121614583,32.8077286784,130.7120703125,32.807746582,00160:0016000110; ,0016000110:病院,病院・役所;病院;,130.7122998047,32.8076912435,,,,,,,,,,,,,
1749697391553952865,1749696875352570998,0001749697391553952865,0001749696875352570998,アンドコンフィホテル熊本城ビュー,アンドコンフィホテル熊本城ビュー,,アンドコンフィホテルクマモトジョウビュー,99,096-311-7070,860-0846,431010510000000500007,JPN,43,101,051,000,00005,00007,熊本県熊本市中央区城東町5-3,3,1,ja,130.7100279405,32.8060384115,130.7099367947,32.8060723199,00130:0013000130; ,0013000130:ビジネスホテル,宿泊;ビジネスホテル;,130.7101372613,32.806062283,,,,130.7100428602,32.8060655382,130.7099007161,32.8061024306,,,,,,
1749697391553952907,1751207604329119926,0001749697391553952907,0001751207604329119926,ホテルウィングインターナショナルセレクト熊本,ホテルウィングインターナショナルセレクト熊本,,ホテルウィングインターナショナルセレクトクマモト,99,096-325-1000,860-0844,431010590000000200004,JPN,43,101,059,000,00002,00004,熊本県熊本市中央区水道町2-13,3,1,ja,130.7132969835,32.8036341688,130.7134594727,32.803562283,00130:0013000130; ,0013000130:ビジネスホテル,宿泊;ビジネスホテル;,130.7131833225,32.8037014431,,,,130.7133034939,32.8036518012,,,,,,,,
1748883752949578219,1752057526817482422,0001748883752949578219,0001752057526817482422,家族葬のファミーユ藤崎宮前ホール,家族葬のファミーユ藤崎宮前ホール,,カゾクソウノファミーユフジサキグウマエホール,99,,860-0847,431010170000000300006,JPN,43,101,017,000,00003,00006,熊本県熊本市中央区上林町3-26-1,3,1,ja,130.7117244466,32.8084423828,130.7117393663,32.8085782878,00160:0016000140; ,0016000140:冠婚葬祭場,病院・役所;冠婚葬祭場;,130.7116984049,32.8083506944,,,,130.7117152235,32.8084440104,,,,,,,,
306408065828156468,309284965919595419,0000306408065828156468,0000309284965919595419,,上通有料駐車場,,カミトオリユウリョウチュウシャジョウ,99,,860-0846,431010510000000300002,JPN,43,101,051,000,00003,00002,熊本県熊本市中央区城東町3-20,7,7,ja,130.7101405165,32.8041617839,130.7101760525,32.8041449653,00110:0011000110; ,0011000110:駐車場,車・交通;駐車場;,130.7099831814,32.8042355686,,,,,,,,,,,,,
306408065828156530,309284965919595422,0000306408065828156530,0000309284965919595422,,タイムズ上林町駐車場,,タイムズカミバヤシマチチュウシャジョウ,99,,860-0847,43101017,JPN,43,101,017,,,,熊本県熊本市中央区上林町,7,7,ja,130.7107242839,32.807198622,130.7107185872,32.807183431,00110:0011000110; ,0011000110:駐車場,車・交通;駐車場;,130.7107481554,32.8072526042,,,,,,,,,,,,,
306408065828160079,1749778239213034856,0000306408065828160079,0001749778239213034856,,風月駐車場,,フウゲツチュウシャジョウ,99,,,4310101600000009,JPN,43,101,016,000,00009,,熊本県熊本市中央区上通町9,7,7,ja,130.7118671332,32.8052945964,130.711863878,32.8052791341,00110:0011000110; ,0011000110:駐車場,車・交通;駐車場;,130.7118774414,32.8053643121,,,,,,,,,,,,,
306408065828160067,309726969593967279,0000306408065828160067,0000309726969593967279,,パスート24水道町第3コイン駐車場,,パスートニジュウヨンスイドウチョウダイサンコインチュウシャジョウ,99,096-354-3611,,4310105900000004,JPN,43,101,059,000,00004,,熊本県熊本市中央区水道町4,7,7,ja,130.71263699,32.8050572374,130.7126407878,32.8050713433,00110:0011000110; ,0011000110:駐車場,車・交通;駐車場;,130.7126253255,32.8049780273,,,,,,,,,,,,,
306408065828160068,1749778239213034860,0000306408065828160068,0001749778239213034860,,HUDO上通りコインパーキング,,フウドカミトオリコインパーキング,99,092-471-0388,,4310101600000010,JPN,43,101,016,000,00010,,熊本県熊本市中央区上通町10,7,7,ja,130.7121972656,32.8057736545,130.7121828885,32.8057351345,00110:0011000110; ,0011000110:駐車場,車・交通;駐車場;,130.7122281901,32.8058455404,,,,,,,,,,,,,
306408065828160071,1750483026166586523,0000306408065828160071,0001750483026166586523,,タイムズ白川公園前駐車場,,タイムズシラカワコウエンマエチュウシャジョウ,99,,860-0844,431010590000000100006,JPN,43,101,059,000,00001,00006,熊本県熊本市中央区水道町1-2,7,7,ja,130.7145366753,32.8038699002,130.7145610894,32.8038593207,00110:0011000110; ,0011000110:駐車場,車・交通;駐車場;,130.714449056,32.8039084201,,,,,,,,,,,,,
306408065828160072,1747966244050966043,0000306408065828160072,0001747966244050966043,,蚕糸会館駐車場,,サンシカイカンチュウシャジョウ,99,092-471-0388,,4310101600000007,JPN,43,101,016,000,00007,,熊本県熊本市中央区上通町7,7,7,ja,130.7118527561,32.8043451606,130.7118706597,32.8043136936,00110:0011000110; ,0011000110:駐車場,車・交通;駐車場;,130.7117906359,32.8044718424,,,,,,,,,,,,,
306408065828160075,1749778239213037878,0000306408065828160075,0001749778239213037878,,タイムズソラーレ上通駐車場,,タイムズソラーレカミトオリチュウシャジョウ,99,,860-0845,431010160000001100002,JPN,43,101,016,000,00011,00002,熊本県熊本市中央区上通町11-12,7,7,ja,130.7124275716,32.8067485894,130.7124302843,32.8067678494,00110:0011000110; ,0011000110:駐車場,車・交通;駐車場;,130.7124172635,32.8066609701,,,,,,,,,,,,,
306408065828160077,1749778239213034864,0000306408065828160077,0001749778239213034864,,豊中パーキング1駐車場,,トヨナカパーキングイチチュウシャジョウ,99,,,4310101600000010,JPN,43,101,016,000,00010,,熊本県熊本市中央区上通町10,7,7,ja,130.7124495443,32.8060904948,130.7124555122,32.8061040582,00110:0011000110; ,0011000110:駐車場,車・交通;駐車場;,130.7124462891,32.8060009766,,,,,,,,,,,,,
306408065828160080,1749778239213034862,0000306408065828160080,0001749778239213034862,,グランドパーク熊本上通町第1駐車場,,グランドパーククマモトカミトオリチョウダイイチチュウシャジョウ,99,,,4310101600000010,JPN,43,101,016,000,00010,,熊本県熊本市中央区上通町10,7,7,ja,130.712242296,32.806144477,130.7122458225,32.8061591254,00110:0011000110; ,0011000110:駐車場,車・交通;駐車場;,130.7122241211,32.8060763889,,,,,,,,,,,,,
306408065828160082,1749778239213037879,0000306408065828160082,0001749778239213037879,,タイムズ水道町第4駐車場,,タイムズスイドウチョウダイヨンチュウシャジョウ,99,,860-0844,4310105900000004,JPN,43,101,059,000,00004,,熊本県熊本市中央区水道町4,7,7,ja,130.7131260851,32.8045469835,130.7131176758,32.8045345052,00110:0011000110; ,0011000110:駐車場,車・交通;駐車場;,130.713164605,32.8046335178,,,,,,,,,,,,,
306408065828160084,309726969593967283,0000306408065828160084,0000309726969593967283,,タイムズ水道町第2駐車場,,タイムズスイドウチョウダイニチュウシャジョウ,99,,860-0844,4310105900000009,JPN,43,101,059,000,00009,,熊本県熊本市中央区水道町9,7,7,ja,130.7143429905,32.803112793,130.7142922635,32.8030951606,00110:0011000110; ,0011000110:駐車場,車・交通;駐車場;,130.7143777127,32.803101671,,,,,,,,,,,,,
306408065828160112,1749778239213034844,0000306408065828160112,0001749778239213034844,,パスート24草葉第2駐車場,,パスートニジュウヨンクサバダイニチュウシャジョウ,99,096-354-3611,860-0843,4310102400000001,JPN,43,101,024,000,00001,,熊本県熊本市中央区草葉町1,7,7,ja,130.7129031033,32.8050132921,130.7128922526,32.8050046115,00110:0011000110; ,0011000110:駐車場,車・交通;駐車場;,130.7130238173,32.805113661,,,,,,,,,,,,,
306408065828160114,1749778239213034868,0000306408065828160114,0001749778239213034868,,上通り北パーキング,,カミトオリキタパーキング,99,092-441-7903,,4310109500000001,JPN,43,101,095,000,00001,,熊本県熊本市中央区南坪井町1,7,7,ja,130.7126516385,32.8073673503,130.7126595052,32.8073963759,00110:0011000110; ,0011000110:駐車場,車・交通;駐車場;,130.7125935872,32.8071774631,,,,,,,,,,,,,
1747899695679785894,1749778239213034854,0001747899695679785894,0001749778239213034854,,草葉町通りコインパーキング,,クサバチョウドオリコインパーキング,99,,860-0845,4310101600000009,JPN,43,101,016,000,00009,,熊本県熊本市中央区上通町9,7,7,ja,130.7119685872,32.8052677409,130.7119620768,32.8052533637,00110:0011000110; ,0011000110:駐車場,車・交通;駐車場;,130.71201199,32.8053618707,,,,,,,,,,,,,
1747899695679785913,1749778239213034850,0001747899695679785913,0001749778239213034850,,ダイイチパーク熊本上通町駐車場,,ダイイチパーククマモトカミトオリチョウチュウシャジョウ,99,092-461-8373,,4310101600000005,JPN,43,101,016,000,00005,,熊本県熊本市中央区上通町5,7,7,ja,130.7116115994,32.8043546549,130.7116178385,32.8043796115,00110:0011000110; ,0011000110:駐車場,車・交通;駐車場;,130.7115844727,32.8042282444,,,,,,,,,,,,,
306320104898352195,1749778239213034832,0000306320104898352195,0001749778239213034832,,コインパーキング駐車場,,コインパーキングチュウシャジョウ,99,,,4310105100000005,JPN,43,101,051,000,00005,,熊本県熊本市中央区城東町5,7,7,ja,130.7100453016,32.8072365994,130.709928928,32.8072246636,00110:0011000110; ,0011000110:駐車場,車・交通;駐車場;,130.7101049805,32.8071907552,,,,,,130.7099774848,32.8072509766,,,,,,
306320104898356491,1749778239213037888,0000306320104898356491,0001749778239213037888,,香川第一有料駐車場,,カガワダイイチユウリョウチュウシャジョウ,99,096-359-0002,860-0848,431010950000000800001,JPN,43,101,095,000,00008,00001,熊本県熊本市中央区南坪井町8-17,7,7,ja,130.7135517036,32.808179796,130.7135668945,32.8082739258,00110:0011000110; ,0011000110:駐車場,車・交通;駐車場;,130.7138864475,32.8080940755,,,,,,,,,,,,,
306383876573464289,309726969593967293,0000306383876573464289,0000309726969593967293,,タイムズ熊本中央警察署前駐車場,,タイムズクマモトチュウオウケイサツショマエチュウシャジョウ,99,,860-0843,4310102400000004,JPN,43,101,024,000,00004,,熊本県熊本市中央区草葉町4,7,7,ja,130.7143128798,32.8061300998,130.7143847656,32.8061005317,00110:0011000110; ,0011000110:駐車場,車・交通;駐車場;,130.7140592448,32.8062331814,,,,,,,,,,,,,
306383876573464290,309726969593967275,0000306383876573464290,0000309726969593967275,,タイムズ桜井通り駐車場,,タイムズサクライトオリチュウシャジョウ,99,,860-0845,4310101600000005,JPN,43,101,016,000,00005,,熊本県熊本市中央区上通町5,7,7,ja,130.7127319336,32.8040608724,130.7127316623,32.8040871853,00110:0011000110; ,0011000110:駐車場,車・交通;駐車場;,130.7127487522,32.8040185547,,,,,,,,,,,,,
306383876573464292,309726969593967292,0000306383876573464292,0000309726969593967292,,タイムズ白川公園前第2駐車場,,タイムズシラカワコウエンマエダイニチュウシャジョウ,99,,860-0844,431010590000000100006,JPN,43,101,059,000,00001,00006,熊本県熊本市中央区水道町1-2,7,7,ja,130.7144734701,32.8037179905,130.714496799,32.8037019857,00110:0011000110; ,0011000110:駐車場,車・交通;駐車場;,130.7143937174,32.8037760417,,,,,,,,,,,,,
1751045398446956523,1751044876608430109,0001751045398446956523,0001751044876608430109,,タイムズ上通北駐車場,,,99,,860-0848,4310109500000001,JPN,43,101,095,000,00001,,熊本県熊本市中央区南坪井町1,7,7,ja,130.7125268555,32.8067640516,130.7125439453,32.8067399089,00110:0011000110; ,0011000110:駐車場,車・交通;駐車場;,130.7125564236,32.8068362088,,,,130.7125949436,32.8070076497,,,,,,,,
1749485191447085615,1749778239213034866,0001749485191447085615,0001749778239213034866,,豊中パーキング2駐車場,,トヨナカパーキングニチュウシャジョウ,99,,,4310101600000010,JPN,43,101,016,000,00010,,熊本県熊本市中央区上通町10,7,7,ja,130.7120703125,32.8061892361,130.7120789931,32.8062027995,00110:0011000110; ,0011000110:駐車場,車・交通;駐車場;,130.7120307075,32.8061273872,,,,,,,,,,,,,
1749485191447085624,1749778239213034838,0001749485191447085624,0001749778239213034838,,タイムパーク水道町2駐車場,,タイムパークスイドウチョウニチュウシャジョウ,99,092-471-0269,,4310105900000004,JPN,43,101,059,000,00004,,熊本県熊本市中央区水道町4,7,7,ja,130.7127547201,32.8050254991,130.7127579753,32.8050401476,00110:0011000110; ,0011000110:駐車場,車・交通;駐車場;,130.7127316623,32.8049495443,,,,,,,,,,,,,
1750241655446874135,1747966244050966044,0001750241655446874135,0001747966244050966044,,タイムズ南坪井町第2駐車場,,タイムズミナミツボイマチダイニチュウシャジョウ,99,,860-0848,4310109500000003,JPN,43,101,095,000,00003,,熊本県熊本市中央区南坪井町3,7,7,ja,130.7138251411,32.8068052843,130.7139100477,32.8067773438,00110:0011000110; ,0011000110:駐車場,車・交通;駐車場;,130.7138229709,32.8068280707,,,,,,,,,,,,,
1749778761051561297,1749778239213034834,0001749778761051561297,0001749778239213034834,,Dパーキング熊本市水道町第2駐車場,,ディーパーキングクマモトシスイドウチョウダイニチュウシャジョウ,99,,,4310105900000002,JPN,43,101,059,000,00002,,熊本県熊本市中央区水道町2,7,7,ja,130.7132237413,32.8039320204,130.7132166884,32.8039596897,00110:0011000110; ,0011000110:駐車場,車・交通;駐車場;,130.7132408312,32.803878852,,,,,,,,,,,,,
1749946986331010210,1749946464492483773,0001749946986331010210,0001749946464492483773,,パークシティ24h南坪井駐車場,,パークシティニジュウヨンエイチミナミツボイチュウシャジョウ,99,096-355-9911,860-0848,43101095,JPN,43,101,095,,,,熊本県熊本市中央区南坪井町,7,7,ja,130.7125561523,32.8074416775,130.7125518121,32.8074126519,00110:0011000110; ,0011000110:駐車場,車・交通;駐車場;,130.7125846354,32.8075387912,,,,,,,,,,,,,
1750100917958483395,1750100396119956932,0001750100917958483395,0001750100396119956932,,ザ・パーク城東町駐車場,,,99,,860-0846,4310105100000005,JPN,43,101,051,000,00005,,熊本県熊本市中央区城東町5,7,7,ja,130.7111767578,32.8070537652,130.7111813694,32.8070705838,00110:0011000110; ,0011000110:駐車場,車・交通;駐車場;,130.7111537001,32.8069718424,,,,,,,,,,,,,
1750100917958483401,1750100396119956938,0001750100917958483401,0001750100396119956938,,三井のリパーク熊本水道町駐車場,,ミツイノリパーククマモトスイドウチョウチュウシャジョウ,99,,860-0844,4310105900000009,JPN,43,101,059,000,00009,,熊本県熊本市中央区水道町9,7,7,ja,130.7145377604,32.8024053277,130.7145887587,32.8023668077,00110:0011000110; ,0011000110:駐車場,車・交通;駐車場;,130.7144354926,32.8024820964,,,,,,,,,,,,,
309353651841852689,1749836513329312034,0000309353651841852689,0001749836513329312034,長崎書店ビル,カプリチョーザ熊本上通り店,,カプリチョーザクマモトカミトオリテン,99,096-312-1875,860-0845,431010160000000600007,JPN,43,101,016,000,00006,00007,熊本県熊本市中央区上通町6-23,1,1,ja,130.7104861111,32.8048155382,130.7104253472,32.8048583984,00240:0024000120; 00240:0024000120; ,0024000120:ファミレス,グルメ;ファミレス;,130.7107147895,32.804749349,,,,,,,,,,,,,
309353651841853387,1748357670190038336,0000309353651841853387,0001748357670190038336,m-上通並木坂,ジンダギースパイス,,,99,,,431010950000000100006,JPN,43,101,095,000,00001,00006,熊本県熊本市中央区南坪井町1-18,1,7,ja,,,,,00240:0024000130; ,0024000130:ラーメン,グルメ;ラーメン;,130.7120203993,32.8071107313,,,,,,,,,,,,,
309353651841853521,1748357670190038357,0000309353651841853521,0001748357670190038357,ブリッジライスビル,AND COFFEE ROSTERS,,,99,,,431010160000001100007,JPN,43,101,016,000,00011,00007,熊本県熊本市中央区上通町11-22,1,7,ja,,,,,00240:0024000140; ,0024000140:その他グルメ,グルメ;その他グルメ;,130.7126402452,32.8061962891,,,,,,,,,,,,,
306408133473895417,306407543989637566,0000306408133473895417,0000306407543989637566,水道町駅,水道町駅(熊本市交通局 水前寺線),スイドウチョウエキ,スイドウチョウエキ,2,,860-0844,431010590000000100010,JPN,43,101,059,000,00001,00010,熊本県熊本市中央区水道町1-27,4,1,ja,130.7125770399,32.8023562283,130.7123982747,32.8023828125,00110:0011000260; ,0011000260:駅,車・交通;駅;,130.7124216037,32.8023982747,,,,130.7126093207,32.8024145508,130.7126253255,32.8024430339,,,,,,
306408133473895417,306407543989637566,0000306408133473895417,0000306407543989637566,水道町駅,水道町駅(熊本市交通局 幹線),スイドウチョウエキ,スイドウチョウエキ,2,,860-0844,431010590000000100010,JPN,43,101,059,000,00001,00010,熊本県熊本市中央区水道町1-27,4,1,ja,130.7125770399,32.8023562283,130.7123982747,32.8023828125,00110:0011000260; ,0011000260:駅,車・交通;駅;,130.7124216037,32.8023982747,,,,130.7126093207,32.8024145508,130.7126253255,32.8024430339,,,,,,
309098570781340986,309726969593967287,0000309098570781340986,0000309726969593967287,,白川公園,,シロカワコウエン,99,,,43101024,JPN,43,101,024,,,,熊本県熊本市中央区草葉町,7,1,ja,130.7151185438,32.8045673286,130.7150976563,32.8044447157,00120:0012000140; ,0012000140:公園,レジャー;公園;,130.7151969401,32.8050775825,,,,130.7160460069,32.8048836263,130.7160253906,32.8047466363,,,,,,
309495494478999813,309860010500914994,0000309495494478999813,0000309860010500914994,,タイムズ南坪井町駐車場,,タイムズミナミツボイマチチュウシャジョウ,99,,860-0848,4310109500000008,JPN,43,101,095,000,00008,,熊本県熊本市中央区南坪井町8,7,7,ja,130.7140375434,32.8082175022,130.7140397135,32.8082332357,00110:0011000110; ,0011000110:駐車場,車・交通;駐車場;,130.7140340169,32.8081917318,,,,,,,,,,,,,
309495494478999815,309860010500914997,0000309495494478999815,0000309860010500914997,,三井のリパーク藤崎宮前駅前駐車場,,ミツイノリパークフジサキグウマエエキマエチュウシャジョウ,99,,860-0848,431010950000000700003,JPN,43,101,095,000,00007,00003,熊本県熊本市中央区南坪井町7-11,7,7,ja,130.713312717,32.808288303,130.713324924,32.8083631727,00110:0011000110; ,0011000110:駐車場,車・交通;駐車場;,130.7133113607,32.8082470703,,,,,,,,,,,,,
306408133473891779,306407543989632019,0000306408133473891779,0000306407543989632019,通町筋駅,通町筋駅(熊本市交通局 幹線),トオリチョウスジエキ,トオリチョウスジエキ,3,,860-0845,431010160000000100010,JPN,43,101,016,000,00001,00010,熊本県熊本市中央区上通町1-25,4,1,ja,130.7098272027,32.8032419162,130.7097466363,32.803269043,00110:0011000260; ,0011000260:駅,車・交通;駅;,130.709749349,32.8033067491,,,,130.7099134657,32.8032655165,130.709883355,32.8033306207,,,,,,
1750678168005617746,1,0001750678168005617746,0000000000000000000001,,通町筋(電鉄)(産交)(都市),,,99,,,431010160000000300008,JPN,43,101,016,000,00003,00008,熊本県熊本市中央区上通町3-34,,2,ja,,,,,00110:0011000100; ,0011000100:バス停,車・交通;バス停;,130.7115649414,32.8028241645,,,,,,,,,,,,,
1750678168005617736,1,0001750678168005617736,0000000000000000000001,,城東町(都市)(電鉄),,,99,,,431010510000000500002,JPN,43,101,051,000,00005,00002,熊本県熊本市中央区城東町5-16,,2,ja,,,,,00110:0011000100; ,0011000100:バス停,車・交通;バス停;,130.7102590603,32.8067743598,,,,,,,,,,,,,
1750678168005617482,1,0001750678168005617482,0000000000000000000001,,水道町(産交)(熊バス)(都市)(電鉄),,,99,,,431010590000000600003,JPN,43,101,059,000,00006,00003,熊本県熊本市中央区水道町6-2,,2,ja,,,,,00110:0011000100; ,0011000100:バス停,車・交通;バス停;,130.7138547092,32.8018934462,,,,,,,,,,,,,
1750678168005617762,1,0001750678168005617762,0000000000000000000001,,白川公園前(都市)(産交)(電鉄),,,99,,,431010240000000200004,JPN,43,101,024,000,00002,00004,熊本県熊本市中央区草葉町2-21,,2,ja,,,,,00110:0011000100; ,0011000100:バス停,車・交通;バス停;,130.7141140408,32.8054665799,,,,,,,,,,,,,
1751013519052094824,1,0001751013519052094824,0000000000000000000001,,信愛女学院前(電鉄),,,99,,,4310101700000003,JPN,43,101,017,000,00003,,熊本県熊本市中央区上林町3,,2,ja,,,,,00110:0011000100; ,0011000100:バス停,車・交通;バス停;,130.7111466471,32.8086542426,,,,,,,,,,,,,
1750678168005617766,1,0001750678168005617766,0000000000000000000001,,水道町(都市)(産交)(熊バス),,,99,,,431010590000000700003,JPN,43,101,059,000,00007,00003,熊本県熊本市中央区水道町7-16,,2,ja,,,,,00110:0011000100; ,0011000100:バス停,車・交通;バス停;,130.7136900499,32.8022184245,,,,,,,,,,,,,
1750678168005617724,1,0001750678168005617724,0000000000000000000001,,市役所前・日本郵政横(産交)(都市)(電鉄),,,99,,,431010510000000100001,JPN,43,101,051,000,00001,00001,熊本県熊本市中央区城東町1-1,,2,ja,,,,,00110:0011000100; ,0011000100:バス停,車・交通;バス停;,130.708742947,32.8047186957,,,,,,,,,,,,,
1750678168005617734,1,0001750678168005617734,0000000000000000000001,,熊本ホテルキャッスル前(しろめぐりん),,,99,,,431010510000000400002,JPN,43,101,051,000,00004,00002,熊本県熊本市中央区城東町4-7,,2,ja,,,,,00110:0011000100; ,0011000100:バス停,車・交通;バス停;,130.7093779839,32.8053738064,,,,,,,,,,,,,
1751013519052094798,1,0001751013519052094798,0000000000000000000001,,壺井橋(電鉄),,,99,,,431010170000000200003,JPN,43,101,017,000,00002,00003,熊本県熊本市中央区上林町2-20,,2,ja,,,,,00110:0011000100; ,0011000100:バス停,車・交通;バス停;,130.7104101563,32.8087958442,,,,,,,,,,,,,
1750678168005617726,1,0001750678168005617726,0000000000000000000001,,市役所前(電鉄)(都市),,,99,,,431010510000000100001,JPN,43,101,051,000,00001,00001,熊本県熊本市中央区城東町1-1,,2,ja,,,,,00110:0011000100; ,0011000100:バス停,車・交通;バス停;,130.7086745877,32.8048646376,,,,,,,,,,,,,
1750678168005617764,1,0001750678168005617764,0000000000000000000001,,白川公園前(都市)(産交)(電鉄),,,99,,,4310102400000005,JPN,43,101,024,000,00005,,熊本県熊本市中央区草葉町5,,2,ja,,,,,00110:0011000100; ,0011000100:バス停,車・交通;バス停;,130.7145233832,32.8058862305,,,,,,,,,,,,,
1750678168005617750,1,0001750678168005617750,0000000000000000000001,,水道町(電鉄)(産交)(都市),,,99,,,431010590000000800006,JPN,43,101,059,000,00008,00006,熊本県熊本市中央区水道町8-2,,2,ja,,,,,00110:0011000100; ,0011000100:バス停,車・交通;バス停;,130.7133892144,32.802828776,,,,,,,,,,,,,
